epoch,time,train/box_loss,train/cls_loss,train/dfl_loss,metrics/precision(B),metrics/recall(B),metrics/mAP50(B),metrics/mAP50-95(B),val/box_loss,val/cls_loss,val/dfl_loss,lr/pg0,lr/pg1,lr/pg2
1,28.302,1.49298,4.97149,0.02708,0.00492,0.86111,0.04244,0.01677,1.52293,8.75205,0.0337,8e-05,8e-05,8e-05
2,52.3119,1.44803,4.9808,0.02754,0.00492,0.86111,0.08519,0.03355,1.47095,8.58845,0.03245,0.000176436,0.000176436,0.000176436
3,75.8034,1.21959,4.78867,0.02109,0.00492,0.86111,0.13552,0.05747,1.45037,8.46557,0.03261,0.000268912,0.000268912,0.000268912
4,99.4551,1.3065,4.67653,0.02224,0.00492,0.86111,0.1289,0.07033,1.4062,8.35502,0.03263,0.000357428,0.000357428,0.000357428
5,128.767,1.24685,4.81193,0.02136,0.00492,0.86111,0.08031,0.04989,1.47433,8.33428,0.03537,0.000441984,0.000441984,0.000441984
6,152.256,1.32281,4.54002,0.0207,0.00492,0.86111,0.08518,0.05588,1.36096,8.14913,0.03241,0.00052258,0.00052258,0.00052258
7,176.201,1.28075,4.20467,0.02066,0.0046,0.80556,0.10769,0.0558,1.42654,8.09253,0.032,0.000599216,0.000599216,0.000599216
8,199.451,1.2655,4.24629,0.02212,0.00476,0.83333,0.06756,0.0307,1.51384,8.10233,0.03497,0.000671892,0.000671892,0.000671892
9,222.473,1.28466,4.05568,0.02264,0.00492,0.86111,0.12931,0.06449,1.43059,7.96374,0.03317,0.000740608,0.000740608,0.000740608
10,246.217,1.33685,4.02848,0.02251,0.00476,0.83333,0.19307,0.08298,1.43978,7.94229,0.03259,0.000805364,0.000805364,0.000805364
11,269.82,1.26689,3.92393,0.02449,0.00444,0.77778,0.11217,0.0488,1.56721,8.00274,0.03801,0.00086616,0.00086616,0.00086616
12,294.66,1.2717,3.70258,0.0222,0.00476,0.83333,0.24783,0.10078,1.56723,7.76976,0.03944,0.000922996,0.000922996,0.000922996
13,318.346,1.36147,3.63056,0.02348,0.00492,0.86111,0.25707,0.12691,1.66432,7.70615,0.0416,0.000975872,0.000975872,0.000975872
14,341.485,1.29498,3.4799,0.02296,0.0046,0.80556,0.25354,0.12037,1.6441,7.6193,0.03937,0.00102479,0.00102479,0.00102479
15,364.437,1.34257,3.39819,0.0233,0.14248,0.47222,0.2513,0.12551,1.68002,7.50917,0.04102,0.00106974,0.00106974,0.00106974
16,387.31,1.34308,3.43187,0.02468,0.6255,0.18615,0.27776,0.1261,1.62691,7.37813,0.04222,0.00111074,0.00111074,0.00111074
17,410.31,1.40656,3.20947,0.02486,1,0.10193,0.28658,0.11127,1.81711,7.32136,0.04639,0.00114778,0.00114778,0.00114778
18,433.523,1.39836,3.10651,0.02505,0.82983,0.13597,0.36589,0.12589,1.61889,6.97687,0.03716,0.00118085,0.00118085,0.00118085
19,457.128,1.36061,3.14165,0.02588,0.83146,0.27434,0.39628,0.11239,1.66734,6.78875,0.0397,0.00120997,0.00120997,0.00120997
20,480.182,1.43721,3.03222,0.02783,0.50714,0.19444,0.23763,0.08731,1.74986,6.55677,0.04035,0.00123512,0.00123512,0.00123512
21,503.266,1.37595,3.04514,0.02248,0.50569,0.19444,0.23991,0.09797,1.71929,6.44667,0.04185,0.001208,0.001208,0.001208
22,526.117,1.34608,2.86792,0.02198,0.40826,0.19444,0.17887,0.07665,1.71666,6.43211,0.04276,0.0011684,0.0011684,0.0011684
23,549.34,1.28291,2.74095,0.02245,0.34151,0.16667,0.18547,0.06048,1.74034,6.43788,0.04735,0.0011288,0.0011288,0.0011288
24,573.104,1.35004,2.68284,0.02454,0.30253,0.25,0.17255,0.04526,1.741,6.15612,0.04318,0.0010892,0.0010892,0.0010892
25,598.272,1.25605,2.57637,0.02269,0.31269,0.22222,0.2278,0.0493,1.74275,5.93378,0.04219,0.0010496,0.0010496,0.0010496
26,622.407,1.31345,2.70616,0.02263,0.22569,0.27778,0.18029,0.04736,1.88935,5.80275,0.0482,0.00101,0.00101,0.00101
27,646.065,1.3685,2.57637,0.02471,0.29945,0.36111,0.21471,0.05481,1.75757,5.7525,0.04359,0.0009704,0.0009704,0.0009704
28,669.392,1.42034,2.60779,0.02734,0.50408,0.25,0.29565,0.06066,1.72582,5.45913,0.04316,0.0009308,0.0009308,0.0009308
29,692.866,1.215,2.43028,0.02062,0.45242,0.36111,0.30505,0.06905,1.76561,5.25784,0.04489,0.0008912,0.0008912,0.0008912
30,716.279,1.29205,2.33087,0.02242,0.33833,0.27007,0.21978,0.07185,1.78268,5.12059,0.04504,0.0008516,0.0008516,0.0008516
31,744.61,1.29308,2.23282,0.02152,0.26694,0.27778,0.18525,0.06243,1.84843,5.03018,0.04706,0.000812,0.000812,0.000812
32,767.608,1.22978,2.23826,0.02195,0.3756,0.33333,0.20101,0.05941,1.80304,4.87914,0.04475,0.0007724,0.0007724,0.0007724
33,790.175,1.30851,2.34783,0.02241,0.28964,0.30556,0.17674,0.05012,1.77645,4.89945,0.04462,0.0007328,0.0007328,0.0007328
34,812.234,1.23435,2.28382,0.02319,0.27402,0.33333,0.16489,0.05125,1.79911,4.91272,0.04618,0.0006932,0.0006932,0.0006932
35,834.708,1.31612,2.31869,0.02437,0.38658,0.27778,0.17757,0.0554,1.80857,4.95485,0.04602,0.0006536,0.0006536,0.0006536
36,857.658,1.24561,2.13137,0.02243,0.30266,0.27778,0.20193,0.06434,1.76532,4.7823,0.04355,0.000614,0.000614,0.000614
37,880.809,1.27667,2.12517,0.0209,0.29693,0.27778,0.17476,0.06358,1.83508,4.75265,0.04431,0.0005744,0.0005744,0.0005744
38,903.17,1.27662,2.09819,0.0221,0.2508,0.22222,0.15121,0.05507,1.84404,4.66814,0.04427,0.0005348,0.0005348,0.0005348
39,925.515,1.26972,2.03047,0.02268,0.32951,0.22222,0.17735,0.06449,1.76563,4.58013,0.04247,0.0004952,0.0004952,0.0004952
40,948.645,1.30036,2.01018,0.02157,0.59833,0.36111,0.31394,0.10513,1.63582,4.44752,0.03913,0.0004556,0.0004556,0.0004556
41,971.084,1.31136,3.38072,0.03218,0.45476,0.36111,0.28171,0.10729,1.64291,4.31844,0.03918,0.000416,0.000416,0.000416
42,993.124,1.32499,3.25712,0.03195,0.53057,0.30556,0.30396,0.12947,1.69342,4.22428,0.0419,0.0003764,0.0003764,0.0003764
43,1015.19,1.33743,3.22038,0.03162,0.46265,0.33333,0.29117,0.12089,1.68397,4.23884,0.04224,0.0003368,0.0003368,0.0003368
44,1037.36,1.32703,2.94026,0.03465,0.4403,0.33333,0.29884,0.11397,1.74348,4.24358,0.04303,0.0002972,0.0002972,0.0002972
45,1060.37,1.3899,3.113,0.03663,0.40614,0.38889,0.30817,0.12234,1.75584,4.19887,0.04273,0.0002576,0.0002576,0.0002576
46,1083.07,1.23899,2.91431,0.02794,0.42948,0.27778,0.27987,0.10785,1.75667,4.17582,0.04272,0.000218,0.000218,0.000218
47,1105.34,1.3059,2.86364,0.02833,0.54471,0.25,0.28728,0.11714,1.74774,4.15001,0.0427,0.0001784,0.0001784,0.0001784
48,1127.86,1.2526,2.99681,0.02853,0.49331,0.25,0.284,0.10957,1.75618,4.14659,0.04268,0.0001388,0.0001388,0.0001388
49,1150.52,1.09182,2.70472,0.02654,0.61791,0.25,0.30258,0.1186,1.71698,4.19948,0.04075,9.92e-05,9.92e-05,9.92e-05
50,1173.09,1.13896,2.79942,0.02781,0.63205,0.25,0.30223,0.11987,1.73348,4.18013,0.04171,5.96e-05,5.96e-05,5.96e-05
